{
  "project_info": {
    "project_number": "610910372640",
    "project_id": "travel-397404",
    "storage_bucket": "travel-397404.appspot.com"
  },
  "client": [
    {
      "client_info": {
        "mobilesdk_app_id": "1:610910372640:android:1ee63cd34cf2bc40430d45",
        "android_client_info": {
          "package_name": "com.tung.travelthere"
        }
      },
      "oauth_client": [
        {
          "client_id": "610910372640-dvivvg4mek26jm7bbe992akckb2lpiet.apps.googleusercontent.com",
          "client_type": 3
        }
      ],
      "api_key": [
        {
          "current_key": "AIzaSyDoohIDPbqWNOZ19zeh3KVaxFpYFHYCFWo"
        }
      ],
      "services": {
        "appinvite_service": {
          "other_platform_oauth_client": [
            {
              "client_id": "610910372640-dvivvg4mek26jm7bbe992akckb2lpiet.apps.googleusercontent.com",
              "client_type": 3
            }
          ]
        }
      }
    }
  ],
  "configuration_version": "1"
}